day_of_week,date,holiday_name,holiday_type
Thursday,Jan 01,New Year's Day,Regional Holiday
Thursday,Jan 01,Gann-Ngai,Regional Holiday
Friday,Jan 02,Mannam Jayanthi,Regional Holiday
Friday,Jan 02,New Year Celebration,Regional Holiday
Saturday,Jan 03,Imam Ali's Birthday,Regional Holiday
Monday,Jan 05,Guru Gobind Singh Jayanti,Regional Holiday
Sunday,Jan 11,Missionary Day,Regional Holiday
Monday,Jan 12,Birthday of Swami Vivekananda,Regional Holiday
Wednesday,Jan 14,Sankranti,Regional Holiday
Wednesday,Jan 14,Maghe Sankranti,Regional Holiday
Wednesday,Jan 14,Bhogi,Regional Holiday
Wednesday,Jan 14,Tusu Puja,Regional Holiday
Thursday,Jan 15,Sankranti,Regional Holiday
Thursday,Jan 15,Pongal,Regional Holiday
Thursday,Jan 15,Magh Bihu Holiday,Regional Holiday
Friday,Jan 16,Thiruvalluvar Day,Regional Holiday
Saturday,Jan 17,Uzhavar Tirunal,Regional Holiday
Saturday,Jan 17,Shab-I-Miraj,Regional Holiday
Monday,Jan 19,Sonam Lhosar,Regional Holiday
Friday,Jan 23,Netaji Subhas Chandra Bose Jayanti,Regional Holiday
Friday,Jan 23,Vasant Panchami,Regional Holiday
Sunday,Jan 25,Statehood Day,Regional Holiday
Sunday,Jan 25,Devnarayan Jayanti,Regional Holiday
Monday,Jan 26,Republic Day,Public Holiday
Tuesday,Jan 27,Gothar Bathou Sun,Not a Public Holiday
Saturday,Jan 31,Me-dam-me-phi,Regional Holiday
Sunday,Feb 01,Guru Ravidas Jayanti,Regional Holiday
Sunday,Feb 01,Thaipoosam,Regional Holiday
Sunday,Feb 01,Bir Chilarai Divas,Regional Holiday
Wednesday,Feb 04,Shab e-Barat,Regional Holiday
Sunday,Feb 15,Maha Shivratri,Regional Holiday
Sunday,Feb 15,Lui-Ngai-Ni,Regional Holiday
Wednesday,Feb 18,Losar,Regional Holiday
Thursday,Feb 19,Chahhtrapati Shivaji Maharaj Jayanti,Regional Holiday
Friday,Feb 20,Statehood Day,Regional Holiday
Friday,Feb 20,Mizoram State Day,Regional Holiday
Monday,Mar 02,Holi Dahan,Regional Holiday
Tuesday,Mar 03,Doljatra,Regional Holiday
Tuesday,Mar 03,Holi,Regional Holiday
Tuesday,Mar 03,Yaosang 2nd Day,Regional Holiday
Tuesday,Mar 03,Dhulandi,Regional Holiday
Tuesday,Mar 03,Bhumchu Festival,Regional Holiday
Wednesday,Mar 04,Holi,Regional Holiday
Friday,Mar 13,Chapchar Kut,Regional Holiday
Tuesday,Mar 17,Shab-I-Qadr,Regional Holiday
Thursday,Mar 19,Ugadi,Regional Holiday
Thursday,Mar 19,Cheti Chand,Regional Holiday
Thursday,Mar 19,1st Navratra,Regional Holiday
Thursday,Mar 19,Gudi Padwa,Regional Holiday
Friday,Mar 20,Idul Fitr,Regional Holiday
Friday,Mar 20,Jumat-ul-Wida,Regional Holiday
Friday,Mar 20,Sajibu Nongma Panba,Regional Holiday
Friday,Mar 20,Gudi Padwa,Regional Holiday
Friday,Mar 20,Cheti Chand,Regional Holiday
Saturday,Mar 21,Idul Fitr,Regional Holiday
Saturday,Mar 21,Id-ul-Fitr,Regional Holiday
Saturday,Mar 21,Sarhul,Regional Holiday
Saturday,Mar 21,Nauroz,Regional Holiday
Sunday,Mar 22,Following Day of Ramazan,Regional Holiday
Sunday,Mar 22,Bihar Divas,Regional Holiday
Sunday,Mar 22,Sarhul Holiday,Regional Holiday
Monday,Mar 23,Shaheedi Diwas,Regional Holiday
Thursday,Mar 26,Ram Navami,Regional Holiday
Thursday,Mar 26,Ashoka's Birth Anniversary,Regional Holiday
Friday,Mar 27,Ram Navami,Regional Holiday
Tuesday,Mar 31,Mahavir Jayanti,Regional Holiday
Wednesday,Apr 01,Bank Holiday,Not a Public Holiday
Wednesday,Apr 01,Odisha Day,Regional Holiday
Thursday,Apr 02,Maundy Thursday,Regional Holiday
Friday,Apr 03,Good Friday,Regional Holiday
Sunday,Apr 05,Babu Jagjivan Ram Birthday,Regional Holiday
Sunday,Apr 05,Easter Sunday,Regional Holiday
Wednesday,Apr 08,Birthday of Sri Guru Nabha Dass Ji,Regional Holiday
Saturday,Apr 11,Mahatma Jyotiba Phule Jayanti,Regional Holiday
Monday,Apr 13,Biju Festival,Regional Holiday
Tuesday,Apr 14,Ashoka's Birth Anniversary,Regional Holiday
Tuesday,Apr 14,Vaisakhi,Regional Holiday
Tuesday,Apr 14,Dr. Babasaheb Ambedkar Jayanti,Public Holiday
Tuesday,Apr 14,Cheiraoba,Regional Holiday
Tuesday,Apr 14,Mahabishuba Sankranti,Regional Holiday
Tuesday,Apr 14,Tamil New Year,Regional Holiday
Tuesday,Apr 14,Bohag Bihu Holiday,Regional Holiday
Wednesday,Apr 15,Vishu,Regional Holiday
Wednesday,Apr 15,Bengali New Year,Regional Holiday
Wednesday,Apr 15,Bohag Bihu,Regional Holiday
Wednesday,Apr 15,Himachal Day,Regional Holiday
Thursday,Apr 16,Bohag Bihu Holiday,Regional Holiday
Saturday,Apr 18,Tithi of Damodar Deva,Regional Holiday
Sunday,Apr 19,Parashurama Jayanti,Regional Holiday
Monday,Apr 20,Basava Jayanthi,Regional Holiday
Tuesday,Apr 21,Garia Puja,Regional Holiday
Tuesday,Apr 21,Sati Sadhani Divas,Regional Holiday
Thursday,Apr 23,Veer Kunvar Singh Jayanti,Regional Holiday
Thursday,Apr 23,Khongjom Day,Regional Holiday
Saturday,Apr 25,Janaki Nawami,Regional Holiday
Friday,May 01,Buddha Purnima,Regional Holiday
Friday,May 01,Labour Day,Regional Holiday
Friday,May 01,Maharashtra Day,Regional Holiday
Friday,May 01,Labour Day,Regional Holiday
Saturday,May 09,Birthday of Rabindra Nath Tagore,Regional Holiday
Saturday,May 16,Sikkim State Day,Regional Holiday
Saturday,May 16,Savitri Amavasya,Regional Holiday
Wednesday,May 27,Bakrid,Regional Holiday
Wednesday,May 27,Id-ul-Ad'ha,Regional Holiday
Thursday,May 28,Bakrid,Regional Holiday
Thursday,May 28,Eid-ul-Azha Holiday,Regional Holiday
Monday,Jun 01,Janmotsav of Sri Sri Madhav Dev,Regional Holiday
Sunday,Jun 14,Pahili Raja,Regional Holiday
Monday,Jun 15,YMA Day,Regional Holiday
Monday,Jun 15,Raja Sankranti,Regional Holiday
Wednesday,Jun 17,Maharana Pratap Jayanti,Regional Holiday
Thursday,Jun 18,Martyrdom Day of Sri Guru Arjun Dev Ji,Regional Holiday
Thursday,Jun 25,Ashura,Regional Holiday
Thursday,Jun 25,Ashura,Regional Holiday
Friday,Jun 26,Ashura,Regional Holiday
Monday,Jun 29,Sant Guru Kabir Jayanti,Regional Holiday
Tuesday,Jun 30,Remna Ni,Regional Holiday
Sunday,Jul 05,Guru Hargobind Ji's Birthday,Regional Holiday
Monday,Jul 06,MHIP Day,Regional Holiday
Thursday,Jul 09,Behdienkhlam,Regional Holiday
Monday,Jul 13,Bhanu Jayanti,Regional Holiday
Thursday,Jul 16,Ratha Yatra,Regional Holiday
Thursday,Jul 16,Harela,Regional Holiday
Friday,Jul 17,U Tirot Sing Day,Regional Holiday
Tuesday,Jul 21,Kharchi Puja,Regional Holiday
Friday,Jul 31,Martyrdom Day of Shaheed Udham Singh,Regional Holiday
Tuesday,Aug 04,Chehlum,Regional Holiday
Friday,Aug 07,Ker Puja,Regional Holiday
Saturday,Aug 08,Tendong Lho Rum Faat,Regional Holiday
Sunday,Aug 09,World Tribal Day,Regional Holiday
Monday,Aug 10,Bonalu,Regional Holiday
Wednesday,Aug 12,Karkidaka Vavu,Regional Holiday
Thursday,Aug 13,Patriot's Day,Regional Holiday
Saturday,Aug 15,Independence Day,Public Holiday
Saturday,Aug 15,Parsi New Year,Regional Holiday
Sunday,Aug 16,De jure Transfer Day,Regional Holiday
Tuesday,Aug 25,Mawlid,Regional Holiday
Tuesday,Aug 25,First Onam,Regional Holiday
Wednesday,Aug 26,Mawlid,Regional Holiday
Wednesday,Aug 26,Maulud Nabi,Regional Holiday
Wednesday,Aug 26,Thiruvonam,Regional Holiday
Wednesday,Aug 26,Raksha Bandhan,Regional Holiday
Thursday,Aug 27,Third Onam,Regional Holiday
Thursday,Aug 27,Jhulan Purnima,Regional Holiday
Friday,Aug 28,Raksha Bandhan,Regional Holiday
Friday,Aug 28,Friday after Eid e-Milad-un Nabi,Regional Holiday
Friday,Aug 28,Fourth Onam,Regional Holiday
Friday,Aug 28,Ayyankali Jayanthi,Regional Holiday
Friday,Aug 28,Sree Narayana Guru Jayanti,Regional Holiday
Tuesday,Sep 01,Tithi of Sri Sri Madhav Dev,Regional Holiday
Friday,Sep 04,Janmashtami,Regional Holiday
Saturday,Sep 05,Karam Puja,Regional Holiday
Saturday,Sep 12,Tithi of Srimatna Sankardev,Regional Holiday
Monday,Sep 14,Ganesh Chaturthi,Regional Holiday
Monday,Sep 14,Vinayagar Chathurthi,Regional Holiday
Tuesday,Sep 15,Ganesh Chaturthi Holiday,Regional Holiday
Tuesday,Sep 15,Samvatsari,Regional Holiday
Tuesday,Sep 15,Nuakhai,Regional Holiday
Wednesday,Sep 16,Day following Nuakhai,Regional Holiday
Monday,Sep 21,Sree Narayana Guru Samadhi,Regional Holiday
Monday,Sep 21,Ramdev Jayanti and Teja Dashmi,Regional Holiday
Monday,Sep 21,Janmostav of Srimatna Sankardev,Regional Holiday
Tuesday,Sep 22,Janmashtami,Regional Holiday
Wednesday,Sep 23,Haryana Heroes' Martyrdom Day,Regional Holiday
Wednesday,Sep 23,Maharaja Hari Singh Birth Anniversary,Regional Holiday
Wednesday,Sep 30,Jananeta Irawat Birth Day,Regional Holiday
Friday,Oct 02,Mahatma Gandhi Birthday,Public Holiday
Saturday,Oct 10,Mahalaya,Regional Holiday
Sunday,Oct 11,Maharaja Agrasen Jayanti,Regional Holiday
Saturday,Oct 17,Maha Saptami,Regional Holiday
Sunday,Oct 18,Saddula Bathukamma,Regional Holiday
Sunday,Oct 18,Kati Bihu,Regional Holiday
Sunday,Oct 18,Maha Saptami,Regional Holiday
Monday,Oct 19,Navami of Durga Puja,Regional Holiday
Monday,Oct 19,Durga Ashtami,Regional Holiday
Monday,Oct 19,Mahanavami,Regional Holiday
Monday,Oct 19,Ayudha Puja,Regional Holiday
Tuesday,Oct 20,Navami of Durga Puja,Regional Holiday
Tuesday,Oct 20,Mahanavami,Regional Holiday
Tuesday,Oct 20,Ayudha Puja,Regional Holiday
Tuesday,Oct 20,Dussehra,Regional Holiday
Tuesday,Oct 20,Dussehra,Regional Holiday
Tuesday,Oct 20,Durga Puja,Regional Holiday
Wednesday,Oct 21,Dussehra,Regional Holiday
Wednesday,Oct 21,Durga Puja,Regional Holiday
Wednesday,Oct 21,Durga Puja,Regional Holiday
Wednesday,Oct 21,Following day of Vijaya Dasami Holiday,Regional Holiday
Sunday,Oct 25,Kumar Purnima,Regional Holiday
Monday,Oct 26,Lakshmi Puja Holiday,Regional Holiday
Monday,Oct 26,Maharishi Valmiki Birthday,Regional Holiday
Monday,Oct 26,Accession Day,Regional Holiday
Saturday,Oct 31,Sardar Patel's Birthday,Regional Holiday
Sunday,Nov 01,Haryana Day,Regional Holiday
Sunday,Nov 01,Kannada Rajyothsava,Regional Holiday
Sunday,Nov 01,Kut,Regional Holiday
Sunday,Nov 01,Puducherry Liberation Day,Regional Holiday
Sunday,Nov 01,Lhabab Duechen,Regional Holiday
Sunday,Nov 08,Diwali,Regional Holiday
Sunday,Nov 08,Kali Puja,Regional Holiday
Sunday,Nov 08,Narak Chaturdashi,Regional Holiday
Monday,Nov 09,Govardhan Puja,Regional Holiday
Monday,Nov 09,Vishvakarma Day,Regional Holiday
Monday,Nov 09,Diwali Holiday,Regional Holiday
Tuesday,Nov 10,Vikram Samvat New Year,Regional Holiday
Tuesday,Nov 10,Bhai Bij,Regional Holiday
Tuesday,Nov 10,Diwali (Bali Pratipada),Regional Holiday
Wednesday,Nov 11,Bhai Bij,Regional Holiday
Wednesday,Nov 11,Bhratridwitiya,Regional Holiday
Thursday,Nov 12,Ningol Chakkouba,Regional Holiday
Friday,Nov 13,Wangala Festival,Regional Holiday
Sunday,Nov 15,Chhath Puja,Regional Holiday
Sunday,Nov 15,Birsa Munda Birth Anniversary,Regional Holiday
Monday,Nov 16,Kartar Singh Sarabha Martyrdom Day,Regional Holiday
Monday,Nov 23,Seng Kut Snem,Regional Holiday
Tuesday,Nov 24,Guru Nanak's Birthday,Regional Holiday
Tuesday,Nov 24,Lachit Divas,Regional Holiday
Tuesday,Nov 24,Rasa Purnima,Regional Holiday
Friday,Nov 27,Kanakadasa Jayanthi,Regional Holiday
Tuesday,Dec 01,Indigenous Faith Day,Regional Holiday
Tuesday,Dec 01,State Inauguration Day,Regional Holiday
Wednesday,Dec 02,Asom Divas,Regional Holiday
Thursday,Dec 03,Feast of St. Francis Xavier,Regional Holiday
Wednesday,Dec 09,Losoong/Namsoong,Regional Holiday
Thursday,Dec 10,Losoong/Namsoong,Regional Holiday
Friday,Dec 11,Losoong/Namsoong,Regional Holiday
Saturday,Dec 12,Pa Togan Nengminza Sangma,Regional Holiday
Saturday,Dec 12,Losoong/Namsoong,Regional Holiday
Sunday,Dec 13,Losoong/Namsoong,Regional Holiday
Monday,Dec 14,Martyrdom of Sri Guru Teg Bahadur Ji,Regional Holiday
Friday,Dec 18,Death Anniversary of U SoSo Tham,Regional Holiday
Saturday,Dec 19,Goa Liberation Day,Regional Holiday
Wednesday,Dec 23,Imam Ali's Birthday,Regional Holiday
Thursday,Dec 24,Christmas Eve,Regional Holiday
Friday,Dec 25,Christmas Day,Regional Holiday
Saturday,Dec 26,Christmas Holiday,Regional Holiday
Saturday,Dec 26,Boxing Day,Regional Holiday
Sunday,Dec 27,Christmas Festival,Regional Holiday
Monday,Dec 28,Parkash Gurpurab Sri Guru Gobind Singh Ji,Regional Holiday
Wednesday,Dec 30,U Kiang Nangbah,Regional Holiday
Thursday,Dec 31,New Year's Eve,Regional Holiday